bmi,targetCalories,sportLevel
39.7658690227563,626.9971743119663,2
41.46331326068955,567.0007607455852,2
34.13286259380945,-31.943991790195128,1
32.55567369355862,77.32540858074026,2
42.97825826726282,-891.879320738404,6
16.33455954291162,284.4603844921264,2
53.23632250445222,-477.7279574836755,2
26.766608008668392,139.08850683948754,2
34.77498904230025,105.13924782169738,2
16.091105200557116,-505.0269188946626,5
42.093425268383804,427.97306326478065,2
23.74787538646851,-969.2322922496053,6
51.8372286312793,203.08825995393704,2
14.253248689047673,926.7609923192579,2
25.710054847398474,653.3247078731767,2
24.68776837631176,72.57756175586724,2
37.667792000817,385.2987770822822,2
24.644766906396327,-647.029080630246,3
59.758330728145886,360.6096323450133,2
26.654123832348798,-658.5083687923117,7
40.922272818891116,-21.75081682237351,4
41.46540432662392,584.5484719088577,2
32.78681397569043,-765.4899017238567,6
53.14058143711463,396.76627809163233,2
52.63677660558705,-867.1367375832866,4
59.32956624264815,-464.71391179389434,2
14.058730888542295,34.99101512628636,2
14.92791844859715,-951.2050057071731,7
53.81501131318471,713.9269446242988,2
44.54447333901386,-971.0677671170138,5
32.90681053861565,545.9568145986352,2
41.98253126083041,-464.3342523335548,5
31.936683370380226,-939.1981295364977,7
25.195050240748515,114.64725332801322,2
42.01782326238847,-44.65327926368002,3
24.772714593067576,977.7093071683837,2
45.03315363713026,715.8418129958573,2
59.58229110013653,154.52805050603206,2
50.89537564184384,-924.0971698032141,4
59.93576810985083,-514.8048000410465,2
14.631920228702246,-488.03027214879813,5
21.07903725521858,432.39259364005466,2
53.78425797769883,-561.0182638782097,2
54.502953021545224,-65.99962800978142,0
56.0582495527251,-492.6436212361329,2
14.867640924226507,438.1600744979951,2
39.95577780612546,-202.83905344713673,1
46.15511177275683,-793.7064284156941,7
51.68379107216796,-748.2412164445316,3
20.748355847024712,308.849242979222,2
17.961680926666844,-592.9989581647642,5
10.473749424131404,789.8251986701684,2
33.67159901325624,772.2310536062923,2
15.07732407288266,-593.8197078887051,5
54.38258736203701,378.1890609853958,2
28.382823533519648,451.81204980490224,2
58.109600400916094,327.0701403400474,2
24.434747957625138,-609.8723508301815,3
20.809832731334822,833.1823245695057,2
22.409350011939182,829.6338443425141,2
30.793741921832414,-196.61011385200334,5
44.455774039692066,-210.17104571814582,1
38.19842915149731,-779.3300993413405,5
46.36520210616253,370.8449593977746,2
57.191037831085,-573.2225221434321,2
49.826514032506445,-790.8411749949494,4
13.71303283374413,-473.6548863056689,5
50.99344266209618,769.2016748368655,2
41.54266233361422,-721.7586932534963,7
46.90618150073006,-90.83188665858893,3
52.56659012578097,-415.4917983271298,2
59.038071560877626,-416.27320710950744,2
28.899670899141363,684.198856082601,2
49.88399047130366,836.1921783574228,2
17.87042158548695,-30.099994447174936,3
44.34722298991885,483.2450905309927,2
33.91865096746335,491.97127799700115,2
48.14633419488108,-40.295850156404185,2
47.62695514246986,-224.93793399607978,3
36.45922004145717,-533.005455137725,6
55.96689254360581,98.14126505386707,2
26.654794099857178,-899.5482427255108,8
41.73609768827043,441.96780890947866,2
11.482405818640265,-184.73482629032412,3
46.10890205774645,757.4432790044225,2
32.77797377517301,132.8839627821567,2
53.38054315740327,32.77923010379618,2
41.24234979067724,432.75812510203673,2
14.389692616869251,585.8074542211175,2
16.974373357307023,306.0763811662157,2
21.67184312657531,318.39066631894116,2
42.49010257711327,954.9159317297356,2
21.65610378766869,999.6168907669689,2
39.88273060843804,-436.8359316089296,2
37.176926280822165,375.94385365898665,2
27.22753094045679,-575.2976198550397,6
32.44770023622646,769.7146977966268,2
20.17516135861286,-105.90961077568602,5
58.24782585419033,-157.62662400879185,0
24.237580594195208,917.3036449651297,2
38.409879110308225,917.8001193338887,2
58.9026327011767,990.2320861649241,2
33.00472041464059,-278.47870690199295,3
25.914027455745504,535.8958192641812,2
42.53431151173836,-349.9600027204881,4
40.075115324957366,572.278646764612,2
50.89332641515162,944.7582295251873,2
10.85248714333872,242.023372581976,2
51.74368972198405,705.1666271881377,2
38.182527599633765,243.8832514561218,2
12.16771617077543,-187.29710365271228,3
38.0105054079187,901.0694433837646,2
27.951780955825885,-892.1520205011589,8
14.050129721232665,636.3511926689916,2
39.16010223934559,-315.62144921639026,2
57.78448478563788,466.3814297955539,2
46.004916587007585,-952.5933084072271,8
42.192678742658195,-304.52185625314803,4
50.362845658174564,-38.074174424733314,0
52.62628682568971,-67.61612412475927,0
56.97071913187144,287.8003151247483,2
59.17558929552748,-322.4627240304909,1
37.30218785611214,-121.17970966253245,3
30.334604690288977,-25.08269169151083,4
48.97814135892765,190.93644950782482,2
36.39652166321823,350.2567240636024,2
35.59361801201251,-126.39892043788552,5
40.25156722078867,520.7696354026532,2
42.33318129161677,-153.33046090853418,3
37.33956567403105,-487.78017258767386,5
52.295545925602475,-828.7188785432916,4
13.411791057068841,-338.2186058812322,4
49.0837071751889,-368.95277788799797,2
50.135806834120025,-23.675112682598296,0
31.52811454134062,734.2504935959462,2
15.326785808152913,-636.4905959250125,6
30.737659854403862,715.9667507926777,2
38.74240727551849,609.1329472818145,2
17.477148024567903,-608.6802778491975,6
23.88995091281192,815.3177517037127,2
49.775302021192466,-975.5350403460114,5
32.40712172533491,-728.2458892630389,6
24.197011799507287,120.70351575662107,2
40.20467856124558,-439.33314554027163,6
44.40248643965138,-424.60705084202164,2
59.289841145824724,-72.23881242603625,0
21.349157351049186,-955.3083091604424,8
49.934041888748126,-858.1266191104528,4
38.19045693288828,401.77400549723484,2
37.32056649279783,-977.7675517239086,7
59.06851486675393,-370.60388049805294,1
28.612420300977323,287.1154722086212,2
44.94956944074744,-31.76276274988379,0
55.7593066908134,326.9146800142614,2
39.81402578127378,-462.66129501747514,2
22.618596107665873,682.4060061737821,2
43.95071246291682,728.6718899912873,2
13.705234210380103,63.312666094855786,2
15.596837525401844,-223.5355236625103,4
13.165522329749887,444.45239269594526,2
21.713417288719686,649.6523710871743,2
23.982645181571957,-991.3480768362089,5
58.69281767271962,358.41583694605265,2
14.308295328621748,-437.9245456244736,5
26.687397897060052,-414.2442035455332,6
24.322331317217273,-893.3539957344008,5
44.870343118437724,737.5533753028237,2
25.3315831299857,74.1673452075529,2
31.157630437948505,-10.044214700343218,3
33.725807892131485,-620.3188784165006,4
20.387579162328798,984.4978865035046,2
18.998034195768184,-858.712354179735,5
49.09646492265861,-379.74762322250785,2
15.257333300982165,-600.191330578531,6
13.45153996876108,-775.5312426008294,6
18.28949007871062,-366.0982583562236,4
14.686312409344639,-625.6843614912416,6
29.54728836634459,589.2563787223667,2
16.54906923826765,-815.7473661708377,7
29.15973907056086,199.4284790702054,2
46.14622365906631,39.69735077185169,2
48.27458324766094,779.7161068883693,2
46.537233865167345,609.8871060398867,2
13.216537266813402,437.81477213111634,2
18.12246712096107,-886.2018758056876,7
18.996349139436873,-689.9534064811554,4
50.214933277009905,172.290151437365,2
42.68567217442501,555.5605159804381,2
28.283065115455177,-794.4412464805087,7
33.61802947036678,869.832864662641,2
12.649203859034461,699.4565652103261,2
50.077262095396726,457.60690092040204,2
55.691820949389,-534.3803631464159,2
51.25367364298669,-639.7475475049663,3
47.13373660282719,-924.9542924482195,7
37.95977394757224,316.62201743419973,2
21.654073324898572,-747.5965495239851,7
35.984323565222965,705.3039065525272,2
53.14009042619903,993.1070092924781,2
14.017477942717035,339.0040593175672,2
26.023278402387675,667.3388032265175,2
56.03971427658815,-777.8963922004181,3
17.257956661231212,-923.6961248925539,7
54.43906104049194,387.75305577411586,2
59.52814440021433,266.61511813383777,2
43.71986424626067,693.4958259999526,2
24.56375764639999,-729.3390202742353,4
38.21169733107031,-399.8838428173634,3
45.654249121873185,938.1807272252611,2
10.364460047588954,924.4179445901339,2
17.779988007389516,664.8510961815521,2
32.94012310747348,866.5631117088665,2
16.231824062985382,-159.78697716617046,3
36.1725951331259,-227.2670628058571,4
17.137814597409744,-516.749122287782,5
51.5791544289913,819.2764178672744,2
41.0061555960217,478.3337224613101,2
53.28560247654097,-251.47683483252717,1
29.579819719222158,-246.11874902176112,5
37.710374288966705,552.3182556020793,2
18.625530819109095,-837.6668091882904,5
16.4999587463066,718.464924970837,2
53.43150459717436,373.5487267353685,2
24.92657569389106,48.69549233667681,2
14.848872944083427,-923.6353813931757,7
47.921600629531795,232.70953695595813,2
58.607440058338426,575.2008351272716,2
58.307268814843766,-141.48246718640564,0
15.421313781173676,-495.8977215277511,5
11.7626171794822,-543.866089084599,5
31.37450015938706,-325.1136927646796,5
53.76397556569705,381.4068579115476,2
28.024649291808526,-686.4783429734234,7
15.75622512715216,-580.5276229004166,5
53.98674902291873,-216.1100926750479,1
53.57117940500985,124.17894714197928,2
38.344028914368096,-847.4614166938417,5
35.3265079079386,-167.41576784230847,5
53.22645246237046,-866.0323559554183,4
18.903547436666464,-876.2901683024634,5
19.352871831120027,651.1434356265397,2
53.984928627524475,-211.6509352526881,1
38.17830572295191,321.4906588847357,2
22.391290311499475,818.1062370205418,2
59.635222829857625,8.17391870944914,2
36.396065535136614,-428.15835780244663,5
58.153760686880574,-556.294713396001,2
38.45757858648807,-714.2845917888545,5
38.99352340656815,545.5443142015654,2
23.65099647962517,679.6235809369562,2
17.404749029682634,566.2068231349654,2
35.02064042503563,-178.17197084626105,5
26.82002986505141,291.35551121414574,2
40.99957839370205,53.40621509994503,2
20.645496198769877,968.5999846566513,2
45.63902682224863,-423.2324566105017,6
41.96352326571456,17.424665729133267,2
32.625225757713366,-114.61836171573543,2
53.79155812636492,-375.82009341960236,1
14.682501702664293,-865.9363308703564,7
15.653025832164488,-770.001435714599,6
54.608826811344336,-705.829788712687,3
48.77285024215838,789.9655931936604,2
36.67523869510815,-919.7747304400101,7
38.869955424225836,-675.6202967554293,4
33.822792662269165,836.2338666347919,2
40.74242079770776,985.6202732690408,2
45.99818373374383,165.53536468126708,2
35.2927440264109,193.4642078036029,2
39.99810366958512,-593.365681900467,2
11.565523198435159,251.0528938733123,2
39.82487397792528,339.8110693088056,2
45.17401274432804,848.0379320105319,2
21.412551237474524,680.3382214773865,2
25.985631828292746,-637.885322211565,7
39.102213027178394,299.04708353751494,2
54.017074496465,-744.0796119768394,3
16.507404194996713,212.79238346271404,2
46.13546234954126,-90.68583585470265,4
41.85907062610624,-117.38925419063855,3
24.276556006220552,-606.3730891721364,3
26.168546725632133,-842.3233670760621,8
28.714615080304753,-930.406613483151,8
11.889671852766911,-880.9372653653469,7
19.208543883679447,-33.603349263791756,0
22.24733929855224,-998.2572432930632,7
22.985258814594314,-275.58489515187466,3
26.44688178247018,405.85164944647613,2
38.496031094688796,759.3975459912242,2
43.566188369815066,912.5018289725949,2
32.979756544547655,799.7400821574315,2
33.96155283537887,-716.3822898861703,4
28.378964222537615,-408.32268150622997,6
37.805973574956326,-848.9555943038542,6
49.71397073901809,-300.85436002865106,1
31.406025520777426,409.1132714694977,2
44.936697221887,579.4455457856607,2
11.01446955780059,373.5726547191016,2
38.28833629410651,-261.9742090598904,3
19.008824289565176,183.93908012252155,2
12.286544956989257,-958.1762298414353,7
12.960715121106105,-386.80582341076763,4
40.03252842493652,-329.9056386741379,6
11.393791391978283,-971.865678115267,7
19.51224565642996,-642.0737238994075,3
13.041322691776971,-813.5947434604323,7
26.216303064212738,-971.9917934752176,8
31.643561384675902,148.2775267911111,2
33.664024567194275,511.6013294441186,2
40.490349727855744,-892.3411420215664,8
17.186673614541718,-766.6860636902329,6
12.043011594558948,-520.0389751404018,5
16.617007237391554,-375.0933206589358,4
33.85693131373726,-521.4752836195089,3
59.8884410492183,-587.1184175638559,2
42.41188125616733,-995.3167301845998,7
43.81519572894977,804.4317505996346,2
11.57438538842497,-958.5109940888257,7
35.9596526645963,-321.31269413741495,5
48.0533542432312,734.443611086027,2
55.000585944146145,303.32212100031506,2
16.15392142552728,566.4277950834169,2
42.15064253025067,-746.5020338272654,6
46.381724140580346,-199.3843673122251,4
28.991925413444456,729.7917566459826,2
49.39580652810887,-488.53444304683234,3
56.85153284746217,-493.73010388624493,2
59.160096647072265,-154.42371894293115,0
34.00640481932699,-407.61554477537004,3
54.652400332090544,-585.5473067018278,2
42.65686549911651,645.7641032483064,2
56.98277549674364,282.7930323949206,2
48.5757717354756,-534.4247410163734,4
53.83626876168241,840.4861205211387,2
33.899145495970515,-616.8000759477541,4
25.31280241872347,982.0380436809216,2
59.38437996127005,67.18114926716044,2
39.86601075857753,540.1081970914686,2
42.12249906767449,-322.1165837759013,4
45.66495772652583,881.4147010160439,2
22.412821919310886,-811.8906989793267,6
22.08564415412647,-704.9619087483934,6
26.7278497909274,-479.02541474131,6
53.81753229705448,-147.64866835595126,0
27.371911013421144,323.4128064671804,2
15.013793751516655,-353.3600536134178,4
58.3932355142475,475.18337540286984,2
56.53060513393974,-690.3451092728985,3
22.307493792211254,994.261743357557,2
29.056402636260195,-280.153122115898,5
26.18841699572984,172.77026105957566,2
44.543124395358305,-736.9872054900795,4
22.179816207788807,-995.3263830569961,7
41.87903893638408,-825.8812972231755,7
31.359568184744465,-620.6699135295546,6
48.76565561867725,-720.8426433021071,4
42.322367340076795,-387.837641687486,4
46.35584884615227,-932.1927279428365,8
33.38520332393428,-878.4332373169441,6
41.96340952196954,-511.0228630532665,5
27.963018585631946,-976.3632082424563,8
55.72635662379068,-459.71218470548774,2
24.544212282008523,934.8371835585567,2
20.33567281096801,-954.3325288114635,9
29.77012381384626,-527.050195715224,6
39.48294822420155,833.6330263783905,2
27.506819755676545,975.4907243016155,2
22.96445961411652,-355.5269388664699,3
10.8254694296578,-118.43020906498646,3
31.893881847295628,-365.66386140449447,4
43.68761723242208,-442.35147558030485,3
25.998400448737087,863.0676708250796,2
36.22136584325884,-847.355964613505,8
37.20840608397826,18.653486124946312,2
44.796583508637006,711.3908770163848,2
22.339933387018093,544.8564816385292,2
59.23227597724154,224.59743700917738,2
41.9322679803507,208.13777989264986,2
38.799620881826954,-596.5905484099321,4
59.867738978932806,-252.29914269671667,1
58.70191991787627,420.9500002654861,2
20.49825264723429,954.1943048617136,2
14.694179488015232,815.8272717122204,2
10.734671785933989,726.2371672592565,2
42.88532882613813,673.2083946934595,2
46.30862823641819,-98.39316741122434,4
47.46736427653937,-502.9946548480495,5
16.28304066571856,424.932244044772,2
12.665478225743156,728.1902737413391,2
36.21652802162465,170.83820356232968,2
49.65058319495976,881.4462445666338,2
16.32073609588294,-428.0093838315013,5
25.519186393155703,981.4499520938559,2
51.17792567207938,821.6923553876413,2
22.98468777074274,619.9068684141264,2
18.084331677537204,915.5298239156107,2
38.66775804573015,792.0109339630287,2
10.204067044026162,-492.2791391736541,5
12.73374191850128,-255.3516589328575,4
20.743281841390562,254.63127576328634,2
46.27901710105855,-679.1888325805098,7
58.96682438686774,641.5215846884323,2
26.89895522990919,512.4529226784659,2
16.4852211507651,-483.49924792950776,5
11.075947849749864,491.4363941383326,2
50.15903897616224,-218.3456586141474,1
55.36480526307443,-791.1913188687358,3
52.722492488507065,437.250724584261,2
25.642038853628105,994.2809318069533,2
16.81441680521424,-134.655719626581,3
57.3899302636064,989.3971732178113,2
11.555302305480494,720.7108270766964,2
32.38041645071641,105.21274464886528,2
22.762731855672566,-4.450503122275222,2
45.56916028359853,-267.09568743386706,5
54.07030349585438,-828.6194456828362,4
37.38683976671527,-994.6408654529441,7
37.5675376839298,622.0846386196895,2
53.59081169378571,-513.6837727087061,2
20.73019469768147,274.61207149431993,2
10.263551703932347,934.823447860562,2
26.19900723288014,-202.27336439118517,5
38.37892072886133,797.0877154842667,2
55.575661059179,-69.890454961552,0
40.75976708504423,49.99559583124187,2
16.58790908092286,-514.7478230547551,5
30.79831538955362,21.77230202976625,2
41.28221993021178,-914.3375947470123,8
25.480065984135717,-403.613287691158,6
37.20358699199347,879.717826108938,2
58.71846516662525,-134.44450881763896,0
21.255680036583303,-826.3405679396534,7
27.599722412840137,125.31510008667146,2
48.026264527538345,-757.2342190452082,5
16.87062993510523,-447.89148496809014,5
38.44635460483129,806.5075167227133,2
27.15734892606038,621.1872705652495,2
11.178025922525288,-233.57349903199065,4
13.07419124170184,695.9938469247672,2
22.047660218945783,-943.2076487884437,7
54.38418074104832,52.08338108895009,2
10.863859884568951,104.64382352732582,2
49.98379540113079,-886.6184780351134,4
31.08175997884943,288.6400785703636,2
30.266626900592104,154.53069573714583,2
59.58346791782193,-674.7289702985171,3
12.066049039629203,-241.24533486914993,4
51.73661864651898,119.34410273118806,2
43.29003633335503,-203.25259886027118,2
30.22634834461722,-348.0614012109555,6
46.821622192447016,976.8790529132298,2
46.60453013788822,-22.087517899372415,3
53.233984648361854,-864.7703249943017,4
25.77622054442977,105.83661108525871,2
30.527789033968073,653.2735759781406,2
41.54891406710836,-633.5519784358099,6
33.48527549060111,-12.964045136684376,1
12.716367016160554,803.6941267117063,2
28.893589605295414,30.940754191780115,2
19.266968438423245,912.2851208677328,2
53.2236274519773,714.7958093757902,2
30.741560299347217,-995.6361172587854,9
56.29686738476001,-390.1931523795621,1
44.888466892565496,863.6794625235782,2
49.809894156250834,168.2783863057657,2
59.20624119139554,651.5433152101716,2
20.344574956156944,-714.0085957674063,8
14.111326275560234,-165.57807958032856,3
20.647137900731657,-512.5358470001762,6
27.363823090021462,-23.107251647509884,4
36.62134479308136,172.50328681030442,2
33.705881825763086,-276.6891179713622,2
32.52892902636968,95.66670369978192,2
25.47679663846506,58.14274183444468,2
18.65305440749579,975.5333065020197,2
53.74238227885958,857.1908474259321,2
50.99189081419308,-408.4313570955728,2
55.709543668112815,431.8659811646294,2
42.41017423840079,169.76749984265757,2
50.829564388071546,781.4281214892644,2
17.81345279638959,-225.70966275576063,4
51.35962481252943,-172.88567180695202,0
53.8094220620733,-489.1345665509712,2
23.7690504133926,774.6187231477543,2
41.40859731483614,-154.75222970750792,4
15.403350865368346,707.0017210654291,2
31.401304530188593,594.6296161824341,2
58.17202578829624,641.9248938440858,2
13.443206109185104,-321.071223746928,4
57.24056213964288,-687.7594714420754,3
50.10631647433963,678.1793378840498,2
24.35743364769153,341.3779076428816,2
49.135523896662875,-96.6473757076875,1
33.02116840718358,-902.2220584435214,6
49.472865858217375,698.04539533448,2
15.781142311373966,-479.2547200163981,5
27.057629290442573,200.48448859472728,2
16.882362946640434,983.3784758348315,2
49.23022324372471,168.41401715623851,2
48.9025052561446,-107.93491303376163,1
19.720003065238657,85.37356282861651,2
49.05472416271063,-481.8378585773322,3
28.1387157171124,704.1733979008757,2
48.047508824907126,-527.5811522544651,4
31.2849508205305,-720.978720393157,7
46.70424479474766,167.6520440963509,2
23.006095604470474,-948.4534666449438,6
31.600613332497666,130.91782213952752,2
36.19466914386986,-721.7754082697298,7
23.465482263728962,-801.996655921326,5
25.602606866250213,-884.786420495473,8
50.63340227855036,382.24041243376746,2
44.703125052932364,-44.90722669710863,0
19.13245852574876,761.5276402126642,2
34.377826976866174,-825.4111192098687,4
46.592136025896096,18.38927635065852,2
46.93646851086868,726.1396803447544,2
21.631349394970044,430.98843725185225,2
24.0005981847184,-262.72977877580934,2
16.967047980809106,110.18802523105637,2
23.253735561752073,156.55135411528113,2
10.856764037992146,-848.2248388507664,7
34.440392622236786,485.4241779777303,2
46.65968656528056,258.1009360892674,2
10.376072713682913,400.1555375872747,2
11.23262167665184,-456.7102064810946,5
49.29433764268552,218.8899045808039,2
17.951726588813422,-10.444526231786085,3
46.36964289132335,417.31327828591,2
16.941771625869176,446.6503031052466,2
30.34092156607817,748.1449346828422,2
29.061313662162654,393.0126937594523,2
26.632290262332088,556.06213674272,2
15.412999987404138,51.679898973834725,2
22.931565257352652,842.7889064306396,2
52.540930724110794,-240.03349879592054,1
19.003887579391613,309.06991702749724,2
18.12612296946983,-851.9367701985827,7
35.07619276095285,601.3198520544288,2
18.18241961494658,768.0519518043095,2
23.87375524860568,-439.35255036620015,3
59.44927113902587,774.4700128955219,2
30.750495342696173,-460.4576532011348,6
16.12189777179168,704.913185113516,2
52.962749888127334,192.40675819731678,2
26.222733628390092,59.392305771327756,2
36.567760174331106,-276.3506488342505,4
26.579385933007128,-723.4915762863714,7
54.80191203562507,323.0608442387627,2
25.377485350688104,-19.32211261777445,4
53.68124957709604,-439.6126253840729,2
41.702705884497284,703.5898541692868,2
39.20640387659823,0.18582791067319704,2
50.039743425792715,238.40633197111924,2
45.85652516544099,560.2904830117238,2
46.98334241315106,579.4337662554676,2
10.576347535289369,955.7746200979759,2
23.374933405570083,-487.61653120521316,4
55.23672808047068,-105.36653990364277,0
25.254345321478766,-843.4126262804657,8
55.98077171824861,530.9060154479773,2
32.843913540894,-658.7320754584931,5
52.187095148355354,552.9824747555838,2
51.724686250514694,50.661142857989944,2
28.04155235744757,553.6858497689395,2
58.73334077458383,241.6433245008061,2
47.76231612735221,-589.9473839150194,5
48.25583370081535,-127.71132691690923,2
22.307687583563187,324.2366483225351,2
49.3988912248515,-166.90689615723977,1
11.10331698381908,-450.6022277551584,5
19.41614210506429,-93.19861763317738,1
18.61818587157354,464.8738595250727,2
32.156882129351075,224.80024619905225,2
33.7836295319931,-549.1377611756084,3
44.89436671257343,17.537324894139488,2
49.692769939884506,244.4177064169396,2
55.428437066014624,100.40893020094518,2
58.539396918843885,67.33480136240632,2
12.020189863361843,-530.1364917661876,5
38.14173141831387,-377.212389367505,3
36.103420799618675,705.8143647182046,2
42.54524665841562,195.76227647475844,2
36.206046821504174,326.84010127470765,2
48.5831502154282,115.62581416368039,2
47.695579327552345,122.4292865473692,2
28.433090803799978,880.2990586177011,2
58.14814453799639,885.7602686830219,2
17.097689546381076,382.49509202154377,2
45.8749757351526,124.03564434399937,2
32.717674798422664,327.64389623593684,2
12.427916029982368,-907.0836141780832,7
16.276571059830193,-340.5805771159827,4
13.019379911949654,-33.057620372227234,3
28.464045087279306,440.18823351174956,2
36.54936466225853,-384.3539363019313,5
11.38908076339242,-975.5666821326076,7
56.578714836213706,-130.07949504850092,0
11.796895225938439,-514.3252259269677,5
20.33982544527156,-204.82619995508173,5
52.2179750008013,-302.4051817478861,1
38.87585322334532,735.3959142447359,2
17.868438867268868,-840.7070237693753,7
35.22163180137477,39.38303549922284,2
12.79780441673168,-315.62837807862263,4
43.17193652753632,527.3541932593539,2
11.851648519118537,71.99563214018599,2
54.34431182730426,-427.70528485324814,2
15.174812325416623,-838.8585149527335,7
21.23697733418173,758.6820698501624,2
35.5352918936332,-319.30308553201496,6
28.087927336808313,511.76640596879406,2
54.07185062229512,446.9218267700844,2
37.193723300149955,-420.9230628857854,4
49.53639061556624,776.8683271252098,2
19.520740459766387,929.2467198562374,2
59.75350633676072,-521.6284656491448,2
43.709413560045235,666.0298138653229,2
18.45594121771063,577.0341762074447,2
43.768579369483795,970.3000677361299,2
18.041091991930077,-799.8494290901583,6
25.05372620070296,-613.1144416548509,7
48.35410690273623,-547.6366012887356,4
53.05192311939188,-135.96574750786306,0
29.87907511470832,366.3848416732137,2
21.817852457072036,206.24462184920299,2
15.165664265832836,-130.36555864790978,3
56.4387383421577,-123.5256197315748,0
25.518401012571708,818.2593605256723,2
47.45451988974123,257.8505398497,2
20.64877036039381,-907.8837714984327,8
22.29998172924706,-485.7006881218431,5
26.010689338374323,277.6159835153412,2
56.54584003634387,438.4570862302073,2
17.890133146734502,188.59332894855834,2
34.688659140480475,377.41564436652106,2
55.681226738313576,-468.6928313908636,2
50.99699193216877,220.9022437934134,2
45.99798562866233,102.85603482074475,2
46.62340103899258,-250.08883556051046,4
18.304574520452825,600.0193811507902,2
33.620719146955835,831.3487152357875,2
15.172292309670045,-467.7981647570813,5
31.646365321999294,152.06120891348905,2
40.19817262128239,968.625021076756,2
53.419584454943426,750.7680503893903,2
46.02272417002549,-331.91464377285683,5
40.43782751742158,319.2917503103099,2
34.076785812350685,-424.61762182679877,3
29.491286554884024,425.3719017931453,2
58.55586621456145,-22.196392914895,0
51.41182698332302,-920.8504443446906,4
26.048437861879215,843.7211158726082,2
41.15439683843748,-415.3169775768961,5
32.46516258414919,31.725978749043634,2
13.96961082045637,925.0671753829513,2
14.695008607699124,272.5929977097221,2
13.161159692318737,-31.197622251571715,3
46.04792051838538,552.2532146408425,2
20.953699377779806,77.08745506062269,2
52.282140779651336,347.09890668646926,2
15.263792628115983,128.01438573502583,2
50.654259275135004,-566.7869369635765,2
18.24020755052373,-484.143908464731,5
28.77404971289663,-751.0010798069735,7
48.793205462216115,-317.44936109098944,2
23.082148897320188,-219.13498585003072,3
38.30735001646562,553.077171575696,2
27.363532911449518,606.8880557337027,2
29.04006244161902,-139.7484378112888,4
32.341636300918125,520.8797713979168,2
58.056295288217584,-581.0988382341009,2
51.06905862007396,380.75512233598374,2
27.229899212491866,692.4109461694793,2
18.34036453976166,-171.11564635639922,3
36.66263616458913,585.6680261194003,2
32.866777684567026,-955.7204774966219,6
38.32361292074545,-853.3447684677006,5
12.731122136489695,-842.0459401843956,7
12.033625537012966,210.1660217668118,2
27.22458295022296,-139.65957053620048,4
27.482607073621985,476.40349643833724,2
34.962952990487224,287.5963077878239,2
52.28210231689573,288.3583244061672,2
47.933277362781645,-554.5408508051028,4
54.52602232634994,-492.17403611762165,2
35.379587639998576,-125.25500022960398,5
19.15740971478735,328.11395455027764,2
11.992929086166884,655.9203369910549,2
23.810003062087073,-798.0297091490312,5
41.72357118135299,970.9031829507219,2
37.33709815281546,628.172702414322,2
43.40172307474808,707.5075809521388,2
30.45817488827891,-178.6050925939786,5
43.09037318950941,319.07492259573746,2
20.500189804426668,95.03895186601517,2
19.44304288104088,314.65335548284725,2
27.781180082351867,16.134854100485768,2
25.87029731108327,-498.163900949546,6
56.1061925628865,599.7949927835436,2
42.59599269787852,847.2910552454377,2
27.072644326494867,-812.6024057869894,8
35.39831754345932,-408.19445099480436,6
35.234850176732486,-732.5650538804957,8
53.8672229793633,579.399368461683,2
21.657870178708194,-396.7265446960005,5
58.19846143108551,-133.6124826056198,0
23.753380780442043,500.5736016543067,2
30.18898795359587,514.7041346542708,2
29.55322360701733,-926.5074514190568,8
34.40206715047621,365.705199554367,2
48.152369556563684,-10.679193577893784,1
39.82856361880352,-18.731873153238894,0
18.539293182915074,158.88498313963032,2
39.46181294096492,355.3686104302981,2
12.760308299093007,-172.59120628068558,3
13.213843952308277,204.6338673635821,2
31.943037978583245,712.355210867008,2
38.435940832712404,804.9091261000774,2
30.949400658298995,-863.0145732880524,8
22.814648833852694,-471.03969747993153,4
28.807445868192197,606.8397877514221,2
47.90594584527987,-54.3854258753056,2
58.63789693691412,690.4081255846675,2
47.49257757183541,-266.0549783554767,3
39.26891188418803,-920.4103790951075,5
53.80362110435554,-687.4991519633952,3
45.6727571444072,-645.4313519056172,7
34.106177524482455,-836.104693501293,5
45.73139842606166,-785.6439097488621,8
14.688602764376999,-999.3156858687402,7
40.21233045834502,-910.8497042968553,9
20.588811777688157,-972.8921415091862,9
31.99581286854479,426.5617727684232,2
51.273134267639776,899.1459243022621,2
16.392364600602065,-437.31453003179263,5
15.818941500526247,-801.8110509674609,7
31.943499900314634,-454.144452878297,5
20.54461398584103,-241.05954446275075,5
29.64124779821919,-554.1169226365878,6
59.456220368891266,-240.4323446484142,1
19.91434304162341,251.8296658165034,2
10.262214728433396,-979.4050302016957,7
12.611559609479986,530.2810497525088,2
35.091262246450384,410.4396081249233,2
35.82455691100856,57.94191176160484,2
42.61867675314994,-398.53858692469134,4
35.365238862256,354.5435191271488,2
25.43307174350137,-544.6201305129459,6
25.025980423622276,-160.76233122310373,4
43.07716353285005,-443.42988811514,4
32.96818406940219,-855.2801682951924,6
33.951674223094,-641.3500758698807,4
49.8369151334513,-466.1909247420384,2
12.540665575475547,982.6527578502271,2
33.05110266610076,-330.08249636078574,3
30.976875346058204,834.4007847783332,2
10.642800561894408,892.898939939244,2
53.420244693696766,191.70240386203227,2
38.141862269414204,319.0842269178995,2
51.76184647638395,-829.5261416483038,4
47.18221900668589,790.319275544015,2
55.677848677472376,599.8591813101286,2
53.25818418100972,769.929019440427,2
40.77268056240847,-107.41485196826693,4
25.695040536882615,-249.10453722436546,5
48.869177612245295,-790.4687946755333,5
39.9166787275499,577.4397328055845,2
43.47992257749632,472.02797523871527,2
34.76062572385557,-997.0152283817115,5
58.74513539457904,-707.4151112409246,3
42.77507673929626,459.7064018401313,2
20.228555133277023,-33.79127235711701,4
28.920920876304898,-288.6833339682586,5
18.482005989094066,-224.71470275876948,4
29.937294249816915,-691.1209577769653,7
55.26264797072558,729.6310929677306,2
17.826141041324064,-59.93715975811085,3
17.914670025650068,474.9647169635223,2
48.72234956561898,-81.65627300493884,1
28.57792844829662,-463.580931707098,6
21.942645997860872,437.9518665012929,2
33.614921854740714,270.01862311474906,2
55.89108162674883,-151.1230576743892,0
10.399376257067829,-497.75495830175265,5
45.424225248724156,-285.15486912767324,6
47.8723842398815,-121.59547716753582,2
28.38042286445126,-568.0292037712751,6
15.656492861182944,724.2074734308821,2
45.101628185686614,464.53487787886,2
54.165920254590205,237.16783153525807,2
25.258929690891243,-502.7087565363315,6
14.503964757550133,122.4849209037202,2
49.173983086268514,-890.6119252024403,5
13.397695020885806,-819.684985833784,7
39.019152643457936,-753.1248241328905,4
39.46180583259208,211.75825735562717,2
13.134388624361222,-741.7666793180133,6
40.13120648554288,872.8543763675389,2
33.128010526807145,-373.44418693191744,3
49.76238550332903,-648.5506591910621,3
45.857879230975094,410.2498960819157,2
34.91143702513379,256.80686246042524,2
35.55390593503658,25.804936613300697,2
18.830063573957638,-188.7158895991845,2
12.020829903569794,496.2520759709521,2
21.233984146135505,-769.7772371113234,7
58.03745438623366,-672.3875696533789,3
30.271913953406003,492.5384754635095,2
25.37025951966241,-496.54155755107723,6
26.18257474075053,-296.458776798735,5
45.698065651461256,549.4985957166166,2
39.65389569521127,-202.88747327075907,1
38.26767688090052,-955.8971676296786,6
15.14237576761426,-933.6688665271553,7
49.64578966255603,-700.4127707548407,3
24.863153977010505,269.60527142769524,2
40.6990340292801,-815.893068201627,8
33.76244747718755,454.112727668042,2
10.349929580489494,17.794227467931705,2
17.69879884148819,-194.22771730428212,3
27.128688902153183,-465.95090006750524,6
49.61566059729238,-788.6875536489893,4
14.134107128905384,491.28582991061216,2
17.47643366408482,-260.08641981871654,4
18.494504324243945,825.3105929466808,2
47.94242235068644,68.51693904930767,2
11.2885044761274,-112.9877392650958,3
54.78198066603162,108.99651772523544,2
21.78543419786635,436.2866395010019,2
39.850071618251846,-453.61817952656475,2
14.605401710703866,-31.866763211804823,3
53.59622472661677,-29.19066814182952,0
12.067482083294014,76.71169848927798,2
59.7467548267863,-976.6787997431754,4
11.175330764810834,-46.72985846752465,3
53.005759147062996,401.2929889934926,2
55.360661006182106,968.4595192655195,2
41.992250083184416,546.2742597957968,2
34.03640972909078,620.3238508953496,2
37.33519509000804,98.6882519499311,2
13.592811029696897,-95.34607182812249,3
30.78705246219962,501.29742943494944,2
52.26607981617646,-612.7714550105957,3
41.858082391248246,-199.34436730608866,4
47.544227317627225,-563.5731015725547,5
54.80348657800104,-299.4303300418726,1
36.255026782949,720.4577277365954,2
33.650522179113025,-300.01520282599597,2
56.832150841241365,-794.4965190379503,3
55.50202501121001,600.1547350851645,2
21.365503107987692,-631.7526028337447,6
38.54655651046121,589.6379564143672,2
30.46346456735079,45.70068259307732,2
34.68501077057152,-798.1895216888202,4
17.818333032699304,-930.619486029224,7
24.354064234394443,-158.24692986605714,1
23.537237924853017,480.5821693699245,2
47.68176150111374,-739.4622376737161,6
18.939310232145573,-221.88579245684377,2
17.049357453880194,-365.71619089962246,4
23.680066916154935,373.41176245622614,2
57.87207894615406,872.6031510924581,2
59.97773704525322,737.0498058673813,2
19.185022612958583,-980.9052237264046,5
56.23822805795846,302.89335980314536,2
18.865361871101577,-868.2460289311127,5
55.28467054540239,533.1724553766694,2
16.694824840634695,466.5940358117948,2
48.862263124325644,-970.225483392144,5
58.865844281429226,526.4497891873639,2
42.627166954568466,303.1520819225036,2
20.3896495852656,446.83514630141144,2
48.19725655999532,-810.4710787835896,5
45.43717957974495,-213.72708499127202,5
18.001983225572484,-492.89084015446093,5
46.12039994653501,-512.2449972754519,6
56.62981009982345,-786.7317243958915,3
48.739006377499194,998.1998947319785,2
25.519748864553495,-153.142737957142,4
26.690888968716227,-425.7621044089552,6
37.927342277579385,642.4411326203892,2
29.383169674974525,-900.4636087021711,8
47.16352406564917,-815.7954223284238,6
12.08840150668837,430.6098707365288,2
48.43762020367876,252.243271565658,2
15.34405611408606,-922.6947379817411,7
34.300968924698,-519.1016803785278,3
49.82276012643712,-999.9757827216871,5
23.356067811869043,341.76674275964433,2
46.84331690860746,151.60274675443975,2
20.521869583062987,-540.6716590447581,7
28.96741151487441,615.9344391552916,2
52.68946850075221,-523.9527729512703,2
16.045011843756697,859.7083630452157,2
33.323133190739505,619.433049892129,2
33.41758111471397,476.3519413731408,2
27.36306455585493,-970.5171821067,8
33.95223633694507,84.61838715867452,2
35.520005846681144,523.3241852163694,2
54.3249647718477,785.0187041459221,2
50.62400303474382,-801.3613065788566,4
17.98413154091037,-305.43403698246595,4
20.67294641365507,60.0989951160941,2
43.802560537172205,314.86927657238107,2
51.87316366031492,25.644790399905105,2
39.852920014091225,-885.0370923940189,4
13.758233653255877,957.8317994532697,2
55.33810363011295,-447.2152233174261,2
40.544528521787306,-122.24393672909127,5
30.443648406558417,-287.7663687530585,5
41.16129996185484,-456.26568542555117,6
38.156292025609204,430.99657085838203,2
22.766751656990966,-383.72390909554804,4
40.28661989470868,445.6781630116898,2
14.946930625433115,-263.50561124961166,4
49.803737366210875,217.64498959632465,2
50.128009445192006,908.2240068025956,2
24.405223646468414,845.1883155418611,2
13.405937519301578,756.7446042304427,2
38.30334158334328,220.254152124068,2
30.403584499379534,104.33489123694562,2
44.46986417690519,79.96275206222981,2
26.078509887209712,-716.5304439673982,7
47.06030993253954,90.64401506200397,2
44.065205873041116,365.3384724567047,2
40.42997287858408,-116.06789687778723,5
32.91798544057784,-492.2606212936902,4
16.541467746250923,-74.25329293587345,3
35.851969971285655,604.5176165112166,2
49.98672402458973,343.51680396590837,2
55.29596474289339,-841.7354275646951,4
44.81361213560343,-740.1073935031582,3
26.641168722741938,543.3666191780867,2
35.04589750268902,-728.6014887166257,8
51.90361399557284,-26.860694749875734,0
55.39934037080391,14.434000659862477,2
33.214401828341614,772.479672105723,2
39.39384121440622,-128.43507835316404,1
37.067211448174895,-845.4583772760336,7
46.58872497277257,22.49849066198226,2
24.14551522798037,-913.9110316096994,5
26.90440767277892,667.517132421377,2
23.031698816449115,463.5204341467547,2
36.261521975929845,379.170889454861,2
29.758503459917655,780.0599324362254,2
36.8386526173405,781.7610054197705,2
12.276324042897148,-19.37965866174602,3
12.763826226454652,771.684590531459,2
39.05164162419865,266.44494719155205,2
13.536522553385934,45.738099183673285,2
21.25096371226877,-356.65336865284974,5
26.676297100375432,-460.96533767509504,6
27.722920998863867,546.1527628841961,2
54.94140486282897,-548.3476535237505,2
40.0023769594424,25.260689692279357,2
11.091976623747732,469.1627142755283,2
48.8777422333809,916.135351400557,2
48.73708819132458,-614.6000421523358,4
53.33424892698197,-946.5611955695465,4
37.95618815532613,508.75900868200165,2
19.903513843444895,-533.9444423209019,2
32.620581182826214,-760.5756706974955,6
56.44313464931775,342.4043668609038,2
35.74905899097301,845.3728283069408,2
33.38698299001644,-910.0549142596359,6
39.9544953526309,-74.47809049588125,0
16.4539167191409,25.1920723344424,2
48.88135487672304,-557.2546069184464,3
40.48338210016003,847.0000312030081,2
31.456959060171606,-918.5688049861689,8
27.806682492348664,-481.9374478993608,6
25.62283548900352,-705.376312594761,7
25.01561398822546,899.2723139709387,2
50.20232071420183,794.6853339191755,2
38.08515020605145,-25.71299989017689,2
25.2971767189567,-469.7802226607481,6
45.460352771526296,-786.6553699228787,8
10.346729670476137,805.1027075330971,2
13.152528548835276,-265.2373278042696,4
49.464618452749576,-311.9312460518627,2
22.703656326480477,206.5224623977888,2
45.605320357413575,-87.84756892100256,4
41.412099772572034,-997.8002321980555,8
23.719694342099203,-880.1109438426608,5
37.14387800924016,-316.08988242771125,4
22.81329444076647,618.4157529069219,2
51.033183236871466,505.08338861430116,2
33.155763889446504,-733.3202440189415,5
51.75544649563563,-568.4972149704392,2
43.55111098284252,347.23462938983016,2
53.092762275501244,413.9192835555252,2
42.674580373386874,14.73424410293012,2
40.60939267713043,-745.9755499724691,8
44.19580746880674,150.40624035047153,2
24.786210025506513,110.57873358222128,2
14.411472585217219,-436.80246073734463,5
24.651339822419608,-987.2162814161308,5
43.103580459067636,-651.0104743643094,5
32.90007173477131,152.71450845071763,2
